video_id,title,description,likes,views,date_published,publisher,child_friendly,nsfw_word_count,violent_word_count,swear_word_count
ULEQb_l-N08,"K.G.F Full Movie | Yash, Srinidhi Shetty, Ananth Nag, Ramachandra Raju, Achyuth Kumar, Malavika","Rocky, a young man, seeks power and wealth in order to fulfil a promise to his dying mother. His que...",6733507,717139752,2020-12-13,Goldmines,0,0,0,0
eHzXZ7U2jHc,Y F O x Trippy,,176,13953,2018-03-26,The Vision Films,0,0,0,0
wvoVR8oEUCg,PROMO - AQ8 SYSTEM - EMS TRAINING -TORONTO,"With money to invest?
Meet the Electro Fitness market  
and join the thousands of Franchises around ...",21,3240,2019-06-05,AQ8 System,0,0,0,0
PKOk0p7dHxc,Flying A Plane That Doesn't Exist | F-19,"Second channel: https://www.youtube.com/channel/UCbLnQ4KteIhjo0CXiq2U_eQ

Today's Video: Flying A Pl...",1408,29497,2023-03-22,Swiss001,0,0,0,0
TDDsEYNnHrs,"Q2C VR Gamer Live Episode #90 Hacking the PSVR 2, New Releases, & games we want on PSVR 2","Its a jam packed show full of new game releases, VR hardware news and our Wishlist of psvr2 games. c...",44,371,2023-05-12,Q2C - VR  GAMER,0,0,0,0
enq-GQY8smw,Is Pfizer Stock a Buy Near its 52-week Low? PFE stock analysis,"Friends!  Im going to do a Pfizer stock analysis, and discuss the recent acquisition & upside potent...",121,3269,2023-03-08,The Patient Investor,0,0,0,0
BF18eQrYlHQ,"Four G5s, in ONE PowerMac? It's the fabled G5 QUAD!",Head to https://squarespace.com/ActionRetro to save 10% off your first purchase of a website or doma...,2808,52790,2022-01-29,Action Retro,0,0,0,0
UUJixQF-zIA,CALLING SQUIDWARD ON FACETIME AT 3 AM!! (HE CAME TO MY HOUSE),"Subscribe and become a JESTER!  http://bit.ly/SUBJESTER
Subscribe to my SECOND channel  http://bit.l...",282446,22461303,2018-04-17,Jester,0,0,0,0
GkaRIjZuXdM,AZX IS BACK ,"Instagram: https://www.instagram.com/jelson_bsd/

#freefire #highlights #azx",36,1149,2021-05-09,AZX,0,0,0,0
EAXtgM62mxg,Wzb Wreezedboy X Bigfatt - EAST VIBEZ [Official Music Video],"Artist : Wzb Wreezedboy x Bigfatt 
Lyric : Wzb Wreezedboy, Bigfatt
Editor : Jinny
Beat : 9%
Produced...",235,6499,2022-02-12,E RECORD,0,0,0,0
wvoVR8oEUCg,PROMO - AQ8 SYSTEM - EMS TRAINING -TORONTO,"With money to invest?
Meet the Electro Fitness market  
and join the thousands of Franchises around ...",21,3240,2019-06-05,AQ8 System,0,0,0,0
zGt3JrWeDlw,What is EDI? | How it Works,"Electronic Data Interchange  or EDI  is the secure, automated exchange of electronic documents, such...",48,6491,2021-04-30,TrueCommerce UK,0,0,0,0
cAqQkIkPMkM,OUKITEL WP8 Pro Unboxing video & Waterproof Test,"Add to Cart: https://bit.ly/3lOHjhL
Giveaway: https://bit.ly/2Ds2V2c
Oukitel WP8 Pro Start Sale on S...",820,63989,2020-09-25,Gadget 4 Deals,0,0,0,0
pn6yplfWItY,6bb,,1,28,2019-09-05,Sasina Calderon,0,0,0,0
uyx2DaQZ6V8,Enima - Moi [Clip Officiel],"Aidez la famille de Meriem : https://www.gofundme.com/f/aidons-la-famille-de-la-dfunte-meriem


Abon...",28746,5707595,2021-02-18,Enima,0,0,0,0
uAQUvu7Hh6U,PLAYDATE !! NENG DICKY & KIKY SAPUTRI SALING SPILL KENAKALAN ?!,"Angel tengah menyiapkan kejutan untuk ulang tahun Kiky, dibantu oleh sahabat Kiky, Neneng & Dicky  D...",285,7620,2023-05-16,KUY Entertainment ,0,0,0,0
1PnZf9U1HxQ,Asake - Omo Ope (feat. Olamide) (Official Video),"Listen to the EP Ololade Asake"". Out Now!
Stream: https://music.empi.re/ololadeasake

#Asake  #Olami...",167487,32114819,2022-02-16,ASAKE,0,0,0,0
7BXojJHrGlU,The BEST Small Creek Trout Fly Fishing Rod | 1wt - 2wt - 3wt,"When I fish small creeks for fun fighting wild trout, I love using a 1wt. Here is an incredibly vers...",91,14173,2021-04-11,Twig 'N' Timber Fishing & Outdoors,0,0,0,0
CiLnzHxs42Y,"Aw7 300s Leader '' RUSTI '' lost home base map this week, we keep kicking her ass at HOMEBASE","We have a message for you in the upper right corner of the map, RUSTI, you can send 3 raptors and ta...",4,380,2021-08-14,Alpha Wars SONDURAK,0,0,1,0
3dqxZo_myyA,Pob Opening Intro - Spitting On The Screen,"Pob was around in the mid-1980s in the UK, a classic character famous for spitting on the screen to ...",1407,778555,2013-01-12,FunnyGotYou,0,0,0,0
fOCUO2dignU,"UFC 4 Destroying T4H Rayhan, The Nr.1 Cheeser In The World Obliterated!!!","Become a member today and get great perks and a loyalty badge to stand out!
https://www.youtube.com/...",153,2617,2021-08-13,Suave Jamie,0,0,0,0
QPL8dh6b1M0,Merrimack Valley Gas Explosions: What Really Happened?,"A summary of one of the worst natural gas disasters in US History.
Get Nebula using my link for 40% ...",6436,45244,2023-05-16,Practical Engineering,0,0,0,0
LjPcIMkd7eM,ZDA - No Rich Modelz ( Killa Fonic x J. Cole mash-up | live bathroom sesh),"Versuri - Killa Fonic
Instrumental - J. Cole
Productie aditionala - Chopsticks
Video - Bogdan Marine...",279,5037,2022-11-17,ZDA Official,0,0,1,0
DIYUrzdjTuA,Olight i1R 2 Pro  Keychain Light,"The i1R 2 Pro is the upgraded version of i1R 2 EOS, Olight's popular rechargeable keychain flashligh...",275,21545,2021-11-30,SnareMan,0,0,0,0
KeooRMfkUCU,PYY is a Satiety Hormone | Part 7 Neurobiology of Food Intake | Macronutrients Lecture 43,PYY is secreted by intestinal cells when digesting food to stimulate the vagus nerve and inhibit AgR...,28,954,2021-11-22,Nourishable,0,0,0,0
ORfPFpNGGAc,KEKE || PKE FT ZSAK (VIDEO OFICIAL) PROD BY: LOYALTY STUDIO,"Stream / Download: https://links.freshtunes.com/LrwFF
Suscribe: http://bit.ly/2DAbxOa
CONTACTO: cont...",108,8017,2022-02-26,PKE VEVO,0,0,0,0
xQhlJY9aZ8s,NPP     ? | Anura Dissanayake | Social Justic Party convention,"     - https://www.npp.lk/npp-policies/
      - https://www.npp.lk/--/

 JVP Srilanka Youtube channe...",487,13180,2023-05-15,JVP Srilanka,0,0,0,0
T9snqknu0Oo,PGC 2022 Grand Final DAY4,"#pubg #pubgesports #pgc2022 

Welcome to PUBG Esports official channel! 
Stay tuned for PGC 2022, wh...",1643,147710,2022-11-20,PUBG Esports,0,0,0,0
HbxMR3c2Pws,Britain's Face of Hate: EDL Founder's Shocking Decision,"Part 2: Tommy Robinson publically denounced the movement he started, but he remains a marked man.",5506,1034791,2014-04-17,ABC News,0,0,0,0
3vO4E7SB2OU,"Wisin, Anuel AA - MI EXXX (Official Video)","Wisin, Anuel AA - MI EXXX (Official Video)   

MI EXXX DISPONIBLE YA: https://WisinAnuel.lnk.to/MiEx...",371421,21501463,2023-04-20,Wisin,0,0,0,0
dX3k_QDnzHE,M83 'Midnight City' Official video,"Watch the M83 Trilogy, including the full Midnight City video here: http://www.youtube.com/playlist?...",3259686,405282784,2011-10-17,M83,0,0,0,0
SO6W_hObD48,Resident evil 4 Remake |   4  #1   ," :
https://www.donationalerts.com/r/ammarghostvesky

   :
7824785980

 :
https://www.youtube.com/cha...",1022,12905,2023-03-24,AGY,0,0,0,0
w4NDG7HIn9c,U.X.A. - Illusions Of Grandeur (1981) FULL ALBUM,"U.X.A.
Illusions Of Grandeur LP (Posh Boy, 1981)

TRACKLIST:
01 - Paranoia Is Freedom  00:00
02 - No...",303,11394,2016-06-10,BurialMaiSo,0,0,0,0
qeGdcPDvIrI,Eine Autobahn als Einbahnstrae: Vekehrschaos auf der A49 bei Kassel | hessenschau,Am Dienstag hat die Instandsetzung der Sdtangente der #A49 zwischen den Autobahnkreuzen #Kassel-Mitt...,77,41033,2023-05-02,hessenschau,0,0,0,0
PM15n3pN3x0,Overnight sensation Music Video | V7H | Harshita | Mitchell Britto | Abhishek | Shishiymoo | Rohith,In these times of trials and tribulations small joys is the silver lining. Set in the backdrop of th...,531,16422,2021-05-21,v7h official,0,0,0,0
t9ZXacvydQ0,SSQ - Synthicide,SSQ Synthicide S.S.Q.  1984 single from Stacey Q's band SSQ.  From the album 'Playback'.  Official m...,2151,195888,2012-07-03,ohnoitisnathan26,0,0,0,0
N0PpahxkvwE,Best Ear Muffs 3M PELTOR X5A  Beau Hannam Guitars and Ukuleles,"These cuts out 31db of sound- which is more than enough for any woodworking machine, including route...",80,12770,2020-02-12,Beau Hannam Guitars,0,0,0,0
U33AsJI_HgQ,Installation of Lyine 4P6 Aeroponic Vertical Tower System Without LED Lamp,"This is the installation steps of our 4P6 hydroponic tower system, only 9 steps, you can complete th...",0,15,2023-01-13,Elena Zhang,0,0,0,0
CZTz6ZKPUl8,The Decline of AOL...What Happened?,AOL became massively popular in the 1990's but has since fallen off almost completely in the world o...,26966,1046431,2020-04-08,Company Man,0,0,0,0
D5UzLC9im2I,KVU Panpipe,Isabel panpipe group,29,2092,2020-08-09,Local Entertainment,0,0,0,0
sI7-YxI0IF8,YBY'S X-GAMES MIXTAPE,TEAMYBY paints a scooter and then attempts 360 upside-down kickflips.,41,423,2022-05-05,YBY,0,0,0,0
eDgxe2fuZD8,UMV,"UMV  Evanescence

The Bitter Truth Evolution

 2021 Unknown Publisher

Released on: 2021-03-26",52,1238,2021-04-02,Evanescence & Within Temptation Channel,0,0,0,0
672-NarE7aM,Clip-In Extensions - Hair Care & Tips | Make Your 1HS Human Hair Extensions Last a Lifetime,"If you want to make sure your hair extensions last for a lifetime, first - get good quality premium ...",123,13168,2021-06-24,1 Hair Stop,0,0,0,0
8Yv-aBEZFrc,PID Control. What hardware do you need to learn Proportional Integral Derivative Control,We have come up with the best combination of hardware for learning PIDs.  Before we start learning a...,206,9162,2020-07-01,Tim Wilborne,0,0,0,0
vO0WcTGZquo,N_T (PROD. BY SINATO) TIP TOP,I thought i try something different. Ive been playing with these skills on and off for years but i f...,5,39,2019-08-19,N_T,0,0,0,0
DLRIz_eB9q4,The Meaning of IHS in Catholic Churches,"What does the IHS mean in Catholic churches? 

You may notice the letters IHS on the cross, crucifix...",542,31529,2019-08-20,The Religion Teacher,0,0,0,0
-JB_yUVV3js,LE RETOUR DE LA STRATGIE (LG UHC),"Yo les gars, nouvelle vido en LG UHC et a fait super longtemps. Aujourd'hui, une game un peu particu...",239,1343,2023-05-16,Nannoxx,0,0,0,0
rgP2OB5AOic,6 Things You Should Know About WFP,Did you know that the United Nations World Food Programme is the biggest humanitarian organization i...,191,77889,2020-11-04,World Food Program USA,0,0,0,0
9BZDrLaNvQo,WKW.group Imagefilm,Beschreibung,21,2851,2019-07-09,WKW group,0,0,0,0
napsYsgHHSY,NLO team: Pozitiv -  (  2021),"   8K NLO!
 !  !

 , LOVE !
NLO team: Pozitiv -  (  2021)",32351,1476728,2021-11-23,Pozitiv4ik,0,0,0,0
G5vIQ4KepbE,2006 Caterpillar D5N LGP Dozer C&C Equipment,Up for sale is a clean D5N Hight track dozer with 6500 hours Check out ccsurplus.com for more pictur...,170,2833,2022-06-17,CC Surplus Sales Videos ,0,0,0,0
hgqlUpolDTk,"FULL MATCH - TAJIRI vs. Fabio Makisig (May 18, 2019 - MWF 8: Halalan Special) - MWF Mandirigma Match","Mga #KapaFED, heto na ang unang episode ng MWF Mandirigma Matches! Its The Japanese Buzzsaw Tajiri v...",586,33844,2019-05-25,Manila Wrestling Federation,0,0,0,0
qjvAjDq02Wc,SR4,"Provided to YouTube by SonoSuite

SR4  Sergio Ramos

SR4

 Sergio Ramos

Released on: 2018-05-18

Au...",790,40353,2019-08-29,Sergio Ramos - Topic,0,0,0,0
JA5C7BcM01g,AWT - JRLDM,"LYRICS:
namimiss ko na ang mga text mo
mga gabi na  nakikinig ng mga retro
nasa tsikot habang sound ...",1668,242718,2020-09-11,JRLDM,0,0,0,0
UVadfCxNnoY,Doja Cat - Rules (Official Video),"Hot Pink out now! https://smarturl.it/xHotPink 

Want to Find Out Which Doja Cat You Are? Connect to...",2334737,182621154,2019-10-24,dojacatVEVO,0,0,0,0
D0ahHF9oNY0,Von Willebrand Disease (VWD) | The Most COMPREHENSIVE Explanation!,Von-Willebrand factor (vWF) comes from the meagakaryocytes (bone marrow) as well as the Weibel-Palad...,1580,64230,2020-06-13,Medicosis Perfectionalis,0,0,0,0
oZPtLsdWN_c,JQS (live performance) on @Behind the mic,,5,366,2022-01-14,BEHIND THE MIC,0,0,0,0
gomFrMI1l8Q,"YBD - ""Real Riders"" (OFFICIAL MUSIC VIDEO)","NEW MERCH: https://ybdbacc.com/

Filmed and Edited by @SolarP

Music produced by @VTheAlienChild

NE...",696,14783,2022-07-15,Darrius Anderson,0,0,0,0
LiUqJZPTyZ8,"Worlds First BMW M3 F81 CS Touring - Start Up, Revs, Accelerations!!","In this video you can see a custom BMW M3 ""F81 CS Touring""
The car has a full M3 bodykit, interior, ...",385,21477,2021-02-11,CarSpotterQVS,0,0,0,0
i6oOwimq1_A,"SEYDALUB - ""WUC"" (Official Lyric Video) Prod.Riddiman","SEYDALUB - ""WUC"" (Official Lyric Video) Prod.Riddiman
KHEN FELIZARDO 

MIXED AND MASTERED BY: J'emm ...",266,23116,2020-02-25,THE SEYDALUB,0,0,0,0
5dIMHoj-mRA,JAN JAN JAN - Hy's 'n Lekker Ou (Official Music Video),"Official Music Video for ""Hy's 'n Lekker Ou"" by Jan Jan Jan. 
Download or stream hier  https://selec...",1873,154412,2023-05-10,JANJANJANVEVO,0,0,0,0
pPQNY1dPiYY,Nouvelle attache des ttes 6YE Premium,Dmonstration de la dernire gnration du connecteur 6YE Doll pour Dollimport.fr une boutique Dolls Fra...,18,3461,2018-06-14,Dolls France,0,0,0,0
717oSaBzT28,YJT Verithanam Boy's .....  ,"YJT VIKY....  

YJT VJ .... 

YJT PUPPIY .... 

YJT Navee .... ",73,1342,2020-09-16,Navesh Kumar.A,0,0,0,0
P5gvNMqVUlI,Unboxing and Review of Trotec Ultrasonic Humidifier B6E.,My dad bought a Humidifier from a German company called Trotec.  All of us suffer from Asthma and ha...,13,3700,2020-04-24,Boy Bandit,0,0,0,0
gdZLi9oWNZg,BTS () 'Dynamite' Official MV,"BTS () 'Dynamite' Official MV


Credits:
Director: Yong Seok Choi (Lumpens)
Assistant Director: Jihy...",36381415,1690624658,2020-08-21,HYBE LABELS,0,0,0,0
M6a3kybhjTM,YfgIndian bike Driving3D Game Old version Vs New version in tamil...#yfg #ttf #gtf #shorts,"Live Channel link; 
https://youtube.com/@yfg5566
.
.
.
.
.
YfgIndian bike Driving3D Game Old version...",578,4101,2023-05-16,YUVA FF GAMING,0,0,0,0
h_LmyhVniZg,"Sci-Fi Short Film: ""E-X-T"" | DUST","Explore the DUST Multiverse on our App: https://bit.ly/DUSTChannel 

200 years after humanity has ab...",4211,98737,2021-08-02,DUST,0,0,0,0
qOoreM11OyM,The Cool Thing About Ducky Mortar That Other Mortar Skin Not Have (Tower Defense Simulator) | Roblox,"Follow me on roblox https://www.roblox.com/users/1964129803/profile
discord server :https://discord....",271,10522,2023-05-15,ItzSweaking,0,0,0,0
nNC_PZWAPvA,Tibial Tuberosity Advancement: TTA RAPID,"With more than 100,000 implantations worldwide, TTA RAPID is one of the most attractive TTA techniqu...",112,66427,2015-02-09,ritaleibingermedical,0,0,0,0
4FXK2vqAQAw,3w6- choc purpz- mbk keycaps- bumpons,"#typingtest #soundtest

Low profile at its finest- weteor's 3w6: https://github.com/weteor/3W6",25,2686,2021-11-08,Tom the Keyboard Magpie,0,0,0,0
Fc-dbtAOzx8,P9d - Everyday,"Provided to YouTube by Realrecords

Everyday  P9d

 2021 Realrecords | https://www.facebook.com/real...",147073,15080296,2022-04-09,p9d1,0,0,0,0
F1VzsoBr03Y,YLS - Lifestyle (music video by Kevin Shayne), 2018 Kevin Shayne Production,526,93920,2018-05-14,KSP Films,0,0,0,0
w5AVm-IbwGw,I WAS HACKED + Trying To Make Peace On YouTube (DID WE MAKE PEACE) Panel Show,"#at2 #jaguarwright #at2entertainment #ttrdliveshow

What happened to the LIVESTREAM? Roc Nation ha...",259,3742,2023-05-14,AT2,0,0,0,0
7WtEI8hqmDE,Karaoke Ngi M Bn Nn - Tone Nam | Nhan KTV,"ng k knh mnh nh: https://www.youtube.com/c/thanhnhanktv?sub_confirmation=1
_________________________...",7,156,2023-05-16,Thnh Nhn KTV,0,0,0,0
TsFnSlkbjGg,3x_,"Go ahead and put the headphones on bru. 

I make beats!",3,25,2023-01-12,MadeByMonte,0,0,0,0
Gb9z1oOqDGM,Ohj,,56,4177,2017-11-09,Roshan Lal,0,0,0,0
X9Eb28GoxHw,Leilo MQE Gir Leiteiro  Basa| 03/05 s 20h35,"Siga o Terraviva nas redes sociais:

https://www.facebook.com/canalterraviva
https://www.instagram.c...",58,2384,2023-05-04,Canal Terraviva,0,0,0,0
_WaHOzDqaks,2018 Carthago Chic C Line 5 0QB,"Take a look around this 2018 Carthago Chic C Line 5 0QB,  currently for sale at Highbridge Caravans ...",9,553,2023-05-09,Highbridge Caravan Centre,0,0,0,0
PkmSoBltM3E,IIV OGOHLANTIRADI,"Ichki ishlar organlari xodimlarining formasini noqonuniy kiyish javobgarlikka sabab boladi 

Rasmiy ...",2347,107237,2022-01-24,ICHKI ISHLAR VAZIRLIGI,0,0,0,0
PMY__gtyFgU,Red Cup 2022,"Still here on this earth.

Dir. Guz Reichwald

Piano Outro by Brd Ericsson.",5534,72771,2022-05-03,Rooster AKA Gud,0,0,0,0
6ZMi809iEQQ,Vlad and Niki Pretend Play with Baby Chris | Funny stories for kids,"Vlad and Niki Pretend Play with Baby Chris | Funny stories for kids
New compilation videos for kids ...",1862815,495040424,2020-09-21,Vlad and Niki,1,0,0,0
rKwh_Ii2Mxc,2TP Mandrake | Arrosti Fisi (official Music Video),"Mix / Mastered by Manyfaced g0d
Recorded at :  Groove Studio
Video Edit by Manyfaced g0d
Beat : hite...",52,1078,2022-08-10,2TP | Oi2tropoi,0,0,0,0
WzKGgWN-Oh8,Young Nudy - EA (sped up) Lyrics ft. 21 Savage | middle finger with the five fax back it up tiktok,Young Nudy - EA (sped up/TikTok Remix) Lyrics ft. 21 Savage | middle finger with the five fax back i...,118103,6507111,2022-04-29,TikTokTunes,0,0,18,0
aRePIfRZK7k,"  , 103 .   ","''      !   !  ''
 Bunny Live Broadcast : https://www.twitch.tv/bunnychannel_ ''
 /  : engur15963@na...",7478,1009992,2021-04-21,,0,0,0,0
aCM6Y22tK7A,BUILT TO LAST | PASTOR FEMI EDUN | 10:30AM,This Present House is home to a diverse group of people from different denominations or no church ba...,19,1155,2023-05-15,TPH MEDIA,0,0,0,0
N0lFX-uRpU0,La 3e_ Collection 2021,Introduction  l'anne 2020-21 de la 3e anne Design de mode du Cgep Marie-Victorin.,1,113,2020-06-02,Anne-Marie Fernet,0,0,0,0
r2JYByA7BV0,Xgv,He grabado este divertido vdeo de Talking Ginger 2,26,1914,2017-10-05,Miryam Cobos,0,0,0,0
02D_Yeq5Mz0,BZE PRESS - Dis What I Did (Official Music Video),"Two Twelve Visuals Presents

BZE PRESS   @fabiansuttle   -  Dis What I Did (Official Music Video)

V...",22,461,2023-05-05,Two Twelve Visuals LLC,0,0,0,0
CpBqAbHKvUo,[MAD]  - Hers (Cover) | NONT TANONT,"[Quarantine Series]
Project  

[MAD]  - Hers (Cover) | NONT TANONT

Original By
 - Hers

Producer
Ja...",463424,90475991,2020-04-11,MadpuppetStudio,0,0,0,0
i3-UDszf0FU,0x0.ai Audits Review. The next TORNADO CASH?! 1000X GEM,"Socials regarding me
Twitter: twitter.com/Spirit16Crypto

-0x0.ai Socials
Website : auditor.0x0.ai/
...",48,1147,2023-03-01,Crypto Spirit,0,0,0,0
CBRsjNbsI20, -  101-57 | HIGHLIGHTS |15/5/23| ,"Subscribe  : http://bit.ly/ERTYT 

Official Site: http://www.ert.gr/
Official Site: http://www.ertne...",201,14816,2023-05-15, ..,0,0,0,0
qtIQgmNkoQA,Selling IAQ Solutions w/ John Ellis,"John Ellis gives his HVACR Training Symposium presentation, ""Selling IAQ Solutions"" He explains how ...",134,8127,2022-07-07,HVAC School,0,0,0,0
QOW9QVJ56m0,(DRILL EXCLUSIVE) YMB - GRAFTING | FULL SONG,"Best exclusive yet. Fully rate ymbs ting 
Subscribe for more",360,43856,2020-11-08,Exclusively exclusive,0,0,0,0
wsipdy4UOvM,L0n  va tre en direct!,,54,405,2023-05-16,L0n ,0,0,0,0
u_Z-MtH74kI,Fun Gaming | Play Entertaining League Of Legends Game Ep 11,Fun Gaming | Play Entertaining League Of Legends Game Ep 11,75,3541,2023-03-03,Fun gaming,0,0,0,0
xo7NUZzKk2o,E9M: elmo and the nextbots,"New video coming on the memez6 channel!!!
today elmo went to the world of nextbots
Subscribe for mor...",0,60,2022-09-16,EM6,0,0,0,0
ZZDtVwSxrR0,[  DIY--20]     .   .  # # # # #0AB  #NOC,"[  DIY--20]     .   .  # # # # #0AB  #NOC
*******************
: 
[ -DIY ]      https://bit.ly/3VvhZi...",23,890,2022-10-24, TOM iN CANADA,0,0,0,0
n_EWPIL9Tzo,This is 1N5,1N5 is a non-profit created to Stop the Stigma and START the conversation by increasing awareness an...,9,1695,2017-05-08,1N5,0,0,0,0
-ENklBlJVvE,What is a Thermoplastic Elastomer?,,276,46700,2018-08-13,"Star Thermoplastic Alloys & Rubbers, Inc.",0,0,0,0
rv3qw-WSceo,D9V,,0,6,2016-04-30,madman23273,0,0,0,0
gL5tR9d8s54,Il tait Un Petit Navire | HeyKids - Comptines pour Bb,"Les plus belles comptines pour bb avec animation 3D: Il tait Un Petit Navire + 27 min
 HeyKids Spoti...",28644,8932838,2017-07-17,HeyKids - Chansons Pour Enfants,1,0,0,0
ZW97HtKICHo,[MIXTAPE01N] 016TANDU - CZS SOLSILVA x CZS LIL N [OFFICIAL VIDEO],"#CLOWNZSOUNDS #SOLSILVA #LILN #016TANDU

016TANDU - CZS SOLSILVA FT. CZS LIL N [ OFFICIAL VIDEO ]

 ...",41296,3981380,2021-09-30,ClownZ Sounds,0,0,0,0
No1BnMkuWyY,1000 Jahre EAV -  Das Abschiedskonzert von 2019 - Live |   Full HD,"1000 Jahre Erste Allgemeine Verunsicherung -  
das Hammer-Abschiedskonzert der EAV von 2019 aus der ...",263,24293,2022-07-18,Music Butler Channel,0,0,0,0
jhNpAvgAIQw,Batterien schrott nach kurzer Zeit | WCS Goch,"Diese Video enthlt Werbung fr die Firma 
WCS Wohnmobil Caravan Service
~~~~~~~~~~~~~~~~~~~~~~~~~~~~~...",367,4330,2023-05-17,WCS Infokanal,0,0,0,0
nIggcaLTwvI,7c1 - Bukan Kekasihmu (Official Music Video),"7c1 band ""Bukan Kekasihmu""

Alhamdulillah, puji syukur kami panjatkan kepada Allah SWT single ke 3 k...",65,1232,2023-04-03,7c1 Official,0,0,0,0
c9pojb90j4s,PGH (PHILIPPINE GENERAL HOSPITAL ) : TRUE HORROR STORIES | TAGALOG HORROR STORIES | GHOST STORIES,PGH (PHILIPPINE GENERAL HOSPITAL ) : TRUE HORROR STORIES | TAGALOG HORROR STORIES | GHOST STORIES. A...,1264,41434,2023-05-10,KWENTONG TAKIPSILIM - TAGALOG HORROR STORIES,0,0,0,0
i9UylUhwrqQ,Fawads run and Imrans hole for PTI | STH,"Fawads run and Imrans hole for PTI | STH

Follow us on Facebook: www.facebook.com/syedtalathussainST...",2974,45287,2023-05-17,STH,0,0,0,0
0tm-llXHQcI,S M O O T H ,"S M O O T H 

EDITED BY @HEADTORED 

Rajesh Khanna & Roddy Ricch - Mere Sapno Ki Rani X The Box (Ske...",244336,1851483,2022-07-12,HEAD TO RED,0,0,0,0
aOsO2reh58s,"M TM - ANH, TH GII V EM (LIVE) | MY SOUL 1981","#AnhTheGioiVaEm #MySoul1981 #MyTam 
M TM - ANH, TH GII V EM (LIVE) | MY SOUL 1981

- Composer: PHAN ...",1533,15579,2023-05-17,My Tam,0,0,0,0
WBI6ICl6uf0,Melo - Facts (Official Video),,167,12180,2022-07-22,K4T Mel,0,0,0,0
c0Y-aAllBP4,Alphablocks - Volume 1 Episode 11 - Red (Letter R),,163,39075,2018-10-15,Juo Kindergarten,1,0,0,0
2yaaRJebt-w,b1t - SICK AIM! - HLTV.org's #16 Of 2022 (CS:GO),(ad) Go to HotPizza for juicy wins (18+ ONLY!): https://hotpizza.gg/p/Snipe2Die Use code 'snipe2die'...,513,25359,2023-01-05,Snipe2DieTV - CS:GO Channel,0,0,0,0
VfSTMLZ-Sz0,A wish come true.,"Want to send an item to Pandoras Storage? 

Send an e-mail to: pansstorage@gmail.com using the guide...",9659,72975,2023-05-12,To Binge,0,0,0,0
NKgQ6fAP8ng,YoungBoy Never Broke Again - F*ck The Industry Pt 2 [Official Audio],RICHEST OPP,71180,1817231,2023-05-12,YoungBoy Never Broke Again,0,0,0,0
etb-q0U4bho,pfp idea if youre shy #shorts #pfp,,266721,6840854,2022-08-03,Niki Victoria,0,0,0,0
XvtA9nIF0qM,Unikkatil - Po Eci,"https://www.instagram.com/unikkatilofficial
https://www.facebook.com/kingunikkatil
Produced by Unikk...",84554,6529952,2022-05-05,BloodyAlbozENT,0,0,0,0
6ue0jWwizh4,C9Z - W POWIETRZE,,55,2229,2021-01-11,C9Z C9Z,0,0,0,0
r0Nmc67D9Ps,North Carolina GOP votes to override Gov. Roy Coopers veto of abortion ban,MSNBCs Lawrence ODonnell is joined by Planned Parenthood CEO Alexis McGill Johnson to discuss North ...,2244,81064,2023-05-17,MSNBC,0,0,0,0
pxOl0b8K6FY,24 Hours of Daytona: Corvette C7.R with Tommy Milner - /DRIVER'S EYE,Ride along with Tommy Milner in the new Corvette C7.R during night practice at the 24 Hours of Dayto...,29220,1512403,2014-01-30,THE DRIVE,0,0,0,0
7Gl-CWyTrJc,TDL (true direction life) Tsy hanan-java mahory NEW CLIP HD,"ALBUM 2  - AC: Eric rolsman, Lead vocal: Fanja ,Ralisateur video: Ntsoa nantenaina, mixage Audio: Ta...",3428,1947686,2015-12-26,Randrianomenjanahary Eric rado,0,0,0,0
6pybrju9x1s, upload by/ D_R,,114,1885,2022-11-23, D_R,0,0,0,0
68pJa70uoM4,   2B  ,"Stream is powered by: 
HYPERWORLD | #empoweryourself | https://hyperworld.gg/ 
    | Empower yoursel...",1756,9951,2023-05-17,CTS Live,0,0,0,0
Aloryfd5ipw,AFX - Analord (2005) [Full Series],DISCLAIMER: I do not own ANY of the rights to AFX's music. This video is purely for the enjoyment of...,13387,913078,2014-11-19,Sam Sam,0,0,0,0
rTaJGiJZPVY,"8kHz   - ~       ,  ,    ",". .
~         ~
     8khz   .
   8kHz       .~
     ~
          .

  
    .
     .
-  3333-23-937355...",426,79227,2021-07-14, ,0,0,0,0
LjApX97kWyE,Ummon - Yo'q |  - ,"RizaNova ilovasini yuklab oling @ https://rizanova.uz/apps 
Obuna bo'ling @ https://www.youtube.com/...",51974,13482076,2013-05-09,RizaNovaUZ,0,0,0,0
wy6-nqywfKw,HAZEM GAVE ME ROBUX CODES,"Like, subscribe, and share pls

Twitter: Twitter.com/ProjectSupremee
Instagram: @ProjectSupreme
Snap...",3381,84710,2023-04-24,ProjectSupreme,0,0,0,0
tRO2Obf9v8U,Synthetix Network SNX price prediction 2023 - Should 8x in price,"Synthetix Network  SNX price prediction 2023. The SNX crypto coin is virtually certain to 6x, but lo...",148,4148,2023-04-03,Crypto With James,0,0,0,0
HGmz0_5pScM,The Weeknd - Moth To A Flame [DOCKER & QZK Remix] | Extended Remix,"Support Docker:
Instagram: https://bit.ly/39WUjxu
SoundCloud: https://bit.ly/2PJS8qu

Support QZK:
I...",1678,510650,2022-01-15,Extended Music,0,0,0,0
9I7BqVgkW7E,EW4: WORSE THEN EXPECTED! | Everything wrong with the map,all you boys seem to love the ew4 map but it's not as good as you boys remembered! there are a few b...,730,24718,2020-04-08,juljas,0,0,0,0
qc0Rn6JheX0,USHH - Mr. Fox  (#viral #trending #tiktok #video #official ),"Ush  - Mr Fox - Vdeo Original 

  Respeto a tos los que prenden!  
[ SUSCRIBETE A MI CANAL DE YOUTUB...",7745,619401,2021-11-28,Mr. Fox,0,0,0,0
gUbmzyortW0,"$30,000 TEAM VS WEEKEND LEAGUE","STREAM: https://www.twitch.tv/ofmanny

NEW CHANNEL: https://www.youtube.com/channel/UC8CgzX78P-t0aIN...",2066,84385,2023-04-30,Manny,0,0,0,0
uyjxtOS8gtQ,De Sfeercommissie - De Zeilberg,"Songtekst:


Als ik door de straten loop, van het Zeilbergse land
Dan weet ik zeker dat ik hier nooi...",33,4465,2023-04-21,ZSV Zeilberg,0,0,0,0
nFrvF-Hi4qI,H76 - TOP BOY feat @stk9.13  ft MUCENT ( drill organis mixtape ) #2 ( MUSIC VIDEO),"H76 -TOP BOY - H76 feat STK ft MUCENT ( drill organis mixtape ) #2
 (Musique Video)

#h76 #TOP #BOY ...",192,13718,2022-03-31,H76,0,0,0,0
4-YwKI3ETeA,"3RD PLACE TRIO FNCS GRAND FINALS ($135,000)  w/ TaySon & Nayte | 4zr","3RD PLACE TRIO FNCS GRAND FINALS ($135,000)  w/ TaySon & Nayte | 4zr
MON CODE CRATEUR : 4zr (ad)

Da...",6196,113867,2021-05-31,4zr,0,1,0,0
PJuDTqqAyz4,82G,82G from the Warley MRC - a locomotive shed featuring locomotives from a number of regions and eras....,15,1194,2021-11-07,The Gauge O Guild,0,0,0,0
M3JNoTHlQQk,     |  200k  ,"      
F_iji7

- :
  :
MrMrGa7@gmail.com

Snapchat:
https://www.snapchat.com/add/f.iji7

TikTok:
htt...",26341,263290,2021-04-05,MrGames,0,0,0,0
OkZpV-uyV6M,Insane ZX10 vs S1K Battle ,Fastest group ride I've ever been on through this canyon. Kawasaki ZX10RR @Saiyan420_ Suzuki GSXR 10...,2901,93057,2022-09-27,Max Wrist,0,0,0,0
2ng_tzZNDQs,Oppday Year End 2022    () EKH,"
SET Website: https://www.set.or.th 
Facebook : https://facebook.com/set.or.th
Line (Official Accoun...",56,1510,2023-03-16,SET Thailand,0,0,0,0
d1DMBQohcc4,1WU,,0,44,2020-09-10,M2005,1,0,0,0
L9jcwt8b7lI,21 Lil Harold - Tez (Official Audio),"Lil Harold - Tez (Offiical Audio)

""Larry (Deluxe)"" available at: https://LilHarold.lnk.to/LARRY_Del...",1998,72792,2022-06-24,LilHaroldVEVO,0,0,0,0
j3PQDQqiy78,Is Loving Hut a Cult?,"Go to http://factormeals.com/darkdives40 and use code darkdives40 to get 40% off your first box. 

S...",2154,41115,2023-05-16,iilluminaughtii,0,0,0,0
sWF-PuAlkI0,What is ALM (Application Lifecycle Management)?,"ALM stands by an application for life. With application lifecycle management, progress and managemen...",199,16306,2020-02-11,Eye on Tech,0,0,0,0
GmTZOIWxrBk,-hu,                                                                                                    ...,0,28,2023-05-07,ABE3UKMHOPCTYX,1,0,0,0
vUoIEle_U74,GRE - SIP (OFFICIAL VIDEO)," Tekst : Gre
 Instrumental : Lockroom, El Maar
 Aranman : Lockroom, El Maar, Gre
 Mix / Master: Lock...",36287,6103671,2022-10-17,Blockstar,0,0,0,0
57HoVDZBUmU,6kb,,0,56,2018-12-20,ciel,0,0,0,0
wNA-G7H2u0w,"4ZN - Winter - ""Degraus"" (Prod. Tavz)","~ LETRA DEGRAUS ~


WINTER

O tempo passa e eu no sei mais o que esperar...Fogo ou fumaa eu vou morr...",176,1522,2019-11-28,4ZN - A ZONA,0,0,0,0
g3uY7pYMldk,Pentatonix - Creep (Radiohead Cover),"Anyone hungry for new music?  This one's for the creeps. Our NEW COVER singing Radiohead's ""Creep"" i...",14809,234366,2023-05-11,Pentatonix,0,0,0,0
z9wAK56gTWw,Your Mom's House Podcast - Ep. 627,Chips In A Bowl Announcement! Christina P. is recording her Netflix special in NYC Jan. 22! Use code...,14441,813319,2021-10-27,YMH Studios,0,0,0,0
hYdErPljzFo,Catching criminals faster in ERLC,"A few tips on how to improve your policing skills in the game..


 Subscribe to my channel to not mi...",3525,32835,2023-05-16,OMB Gaming,0,0,0,0
zsiMNBECAL4,YJ9,,0,12,2018-09-29,Drew Manning,0,0,0,0
DWRj2BB8YHs,Natanael Cano x Gabito Ballesteros x Peso Pluma - AMG,"Natanael Cano x Peso Pluma x Gabito Ballesteros - AMG
Directed by Jhonesanz

Merch:
https://dreaminp...",1168542,202017445,2022-11-25,Natanael Cano,0,0,0,0
XkMufZOixFA,CZI - Introducing TH4 throwing hook,CZI TH4 V2 is a drop kit with a weight of 320g and a 40kg loading. It can be completed four times wi...,21,2242,2021-12-13,CZI,0,0,0,0
AOQ5WUSrtcE,PAPA MAKOKLEN # 42 Jjm al kraze fanm lan Foufoun pote plent pou Jowachen Madonise ap bay mnmanl kob,Like abone pataje please guys ,970,10112,2023-05-15,Jjm simple,0,0,0,0
CIoSdhnojvw,Roblox BrookHaven RP IT Pennywise (Scary Full Movie),"Roblox BrookHaven RP IT Pennywise (Scary Full Movie)

HELP ME REACH 2 MILLION SUBSCRIBERS: https://w...",42495,3293187,2021-04-02,O1G,0,0,0,0
9hzEFNbLaIo,Boss DD-8 Digital Delay,"https://www.boss.info/us/
Find on Reverb: https://tinyurl.com/BossDD8
Not long ago, Boss passed the ...",3040,169771,2020-12-17,AndyDemos,0,0,0,0
IKWTBnnNBXY,0NF to 1NF - zero normal form to first normal form - normalisation process explained - easy,"0NF to 1NF - zero normal form to first normal form - normalisation process explained - easy.
https:/...",86,5625,2015-10-01,Computing Academy,0,0,0,0
3_tJbBv6Qug,Charged With DWB (Driving While Black),,3447,67373,2022-07-27,HonorYourOath Civil Rights Investigations,0,0,0,0
rIJfbmkmS0w,The Best Japanese V8 Engines Ever: Toyota 2UR-GSE,"Check out our website: dustrunnersauto.com
Follow me on Instagram: @bryce.cleveland

Gear I use to s...",290,7115,2022-11-06,Dust Runners Automotive Journal,0,0,0,0
9B-YyV3pWlg,Korps Commandotroepen (KCT) | Kennismakingsdagen,Ook in 2022 worden er door het Korps Commandotroepen (KCT) meerdere kennismakingsdagen verzorgd. Ied...,386,23467,2022-01-05,Korps Commandotroepen,0,0,0,0
P16GGICNsSU,typowa lekcja wf-u,jak chcesz kolejna lekcje to daj subika i napisz jak lekcje teraz zrobic,130416,2452897,2023-02-14,ogryzek,0,0,0,0
ZM_QNX3FiCM,No Reload Challenge  Op Ac80 Headshots  Free Fire,No Reload Challenge  Op Ac80 Headshots  Free Fire,6604,90120,2023-05-16,TGR NRZ,0,0,0,0
D5mM8vGjzTo,Fortnite montage #1 #3_K,#3_K welcome to 3k. on 3k we post the most quality Fortnite clips. So SMASH the like button and SUBS...,5,36,2018-12-04,3_ K,0,0,0,0
M5ggX24Olo4,best in the game,"ggs
s\o staind for the song
got a ton of clips from april so ima try and upload them eventually

nus...",202,3092,2023-05-12,iil,0,0,0,0
P0Ol23XdrHE,"Jay Lei Sij - ""YKC"" OFFICIAL VIDEO","Jay Lei Sij - ""YKC""",9184,759991,2018-11-28,Radio Javan,0,0,0,0
2MSIIKFpn5s,A330 JEDDAH - MEDAN || LION AIR UMROH FLIGHT COCKPIT VIEW,"HAPPY WATCHING !!!!!

HMW Channel
Find me on:
Instagram  : https://www.instagram.com/hermanmarkuswen...",340,6961,2023-05-16,Herman Markus Wenas,0,0,0,0
3IuShUazAZ0,O bsico do PJE atual que voc PRECISA SABER para ADVOGAR! -Tutorial e passo a passo do PJE em 2022," LINK da plataforma de cobrana que utilizo (ASSAS) 
https://www.asaas.com/r/fb/a6f3f5ab-ce44-4dc7-ae...",2740,48678,2021-10-23,Advogando do Zero,0,0,0,0
mGe4oCLJHFI,Musa Filly Jobarteh_Father's Love Official Interview _VM Show,Musa Filly Jobarteh join VM TV Show educating the Youths concerning about how we should please and r...,268,4243,2021-06-21,VM International TV,0,0,0,0
pNZE5qALRJ4,LE-6 | Low End Squad |Arknights,"This strategy is made by using really common operators and easy to substitute.
It's not essential to...",958,37039,2022-12-27,KyoStinV,0,0,0,0
lRo--_tH5Q0,"3905 Arvona Place, Mississauga, Ontario L5M 0Y5","4 Bedrooms | 3 Bathrooms, Newly Renovated, Upgraded Kitchen, Microwave, Dishwasher, Stainless Steel ...",0,166,2021-09-09,Royal York Property Management,0,0,0,0
pMJOUlZGpsU,Quinton Griggs - Chaos! [Official Video],"The official video for ""Chaos!"" by Quinton Griggs - Out Now!
Stream ""Chaos!"": http://Koji.to/qgriggs...",24700,416110,2021-06-11,Quinton Griggs,0,2,0,0
4G5GsleHQ_Y,Vorbereitung HZP - 1. Apportiertraining fr die Wasserarbeit sowie die Haar- und Federwildschleppe,In dieser Rubrik mchten wir dir den Sicheren Aufbau und die sanfte Vorbereitung zur Herbstzuchtprfun...,142,4547,2021-05-14,Hundeschule Kompetenzzentrum der Kynologie,0,0,0,0
lx5ygDk3iRU,RNW & FULLSCALE-A NEW DAY,"New video from FULLSCALE PRODUCTIONS & RNW
KA""MAN, KROOKD ft EDDIE BOY PHX
frm da 602 to 928 to da 7...",591,73004,2010-08-13,wujames100,0,0,0,0
QKm67paMFcg,uwu,"when the cat said uwu

i felt that

~

 featuring sound design by RambunctiousFlan https://twitter.c...",36202,346075,2023-01-24,Chipflake,0,0,0,0
GvewPwOm6OM,Coldplay - Fix You (Lyrics),"Coldplay - Fix You
When you try your best but you don't succeed

 Don't forget to subscribe and turn...",251,8743,2023-05-17,Cakes & Eclairs,0,0,0,0
qYRo_ZzhsuY,| S3 ROCK&ROAST,"| S3 ROCK&ROAST


https://youtu.be/p9TurLyMa3M
https://youtu.be/DZe6PIJjYrw
https://youtu.be/iocJc34...",39340,5500895,2021-03-10,,0,0,0,0
3orkL84sGIs,"Monstrous Russian Artillery Action During Heavy Live Fire: 2S7 Pion, 2S5 Giatsint-S & 2S4 Tyulpan","Buy us a coffee by joining our monthly membership program for $1,99 here: https://www.youtube.com/wa...",61505,10027228,2020-08-02,WarLeaks - Military Blog,0,0,0,0
YTE4q59tAZw,YDN Classic Wii Sports Tournament,"YDN Gangggg!!
Hope y'all laughed and enjoyed the video! If you did, like, comment, and subscribe! It...",787,14501,2023-05-14,YDN,0,0,0,0
R6L6i9h7EcE,uqu,,13,343,2021-09-30,Camila solange Cevallos caola,0,0,0,0
Wjf8hYySIW0,The Music 9dx is going live!,,2,12,2023-05-17,The Music 9dx,1,0,0,0
PM15n3pN3x0,Overnight sensation Music Video | V7H | Harshita | Mitchell Britto | Abhishek | Shishiymoo | Rohith,In these times of trials and tribulations small joys is the silver lining. Set in the backdrop of th...,531,16424,2021-05-21,v7h official,0,0,0,0
k46CziiCB5g,"The Quantum Financial System (QSF), Gold n Silver during the EndGame - The NewTimes/EndTimes Part 10",the timeline in superior resolution (free to share and use non-commercially AS LONG AS NO MODIFICATI...,988,22417,2020-09-15,newearth,0,0,0,0
VSMGMG_YpJE,vqk - Situationship,"mixed : sowhyz
Beat : HrtvzLab",114,2797,2022-05-12,vqk,0,0,0,0
3EJL-jZSInc,GOY CARDOSO - PODFLA #75,"Ol minha gente .
No episdio de hoje temos Goy como convidado !
Goy  um jovem que teve um passado de ...",1271,36559,2023-01-05,Podfla,0,0,0,0
STVBBqNY1Z0,NOOB vs PRO vs HACKER vs GOD - Makeover Run Running for Beauty,"#Subtokugu #MakeoverRun
   - https://www.youtube.com/results?search_query=kugu+gaming
NOOB vs PRO vs...",617,133681,2021-09-18,Kugu Gaming,0,0,0,0
gVm5e1CFus8,Romeo Santos - Formula Vol. 3 (Album Completo) (Disco Completo),"Bachata Mix - Los Mejores Exitos 2022
ESCUCHANOS EN SPOTIFY: https://spoti.fi/3uaNP7L",24529,2971407,2022-09-04,BACHATA ONLINE,0,0,0,0
m2ci4HZq7-8,ji4,salana jalsa jamia islamia inhauna,16,633,2019-04-06,Jamia Islamia Inhauna,0,0,0,0
g-GhbBYRqh8,Wdkarz amie regulamin PZW !!!,"OGLDAJCIE I UDOSTPNIAJCIE!!!!!
Wdkarz zapany na gorcym uczynku!!!!
Wielkie podzikowania dla chopakw ...",11897,1775303,2017-11-12,Total Carp Baits,0,0,0,0
KKBpiVqC6Fk,PJ2+ COM Radio - handheld aviation radio with built-in headset jacks (hands-on demo),"Shop: https://www.sportys.com/pj2-plus-com-radio.html

Building on the success of the PJ2 COM radio,...",87,6643,2022-11-15,Sporty's Pilot Shop,0,0,0,0
aK5dq4rQIxc,5 Wyndham Road B16 9RJ,,0,182,2021-09-02,Nick P,1,0,0,0
aSI-Ldu12kQ,Take a virtual tour of Queen Margaret University's campus,"Thinking about studying at QMU? Enjoy this virtual tour of Queen Margaret University, Edinburgh's ca...",88,6095,2020-06-04,QMUniversity,0,0,0,0
G80n9CBjkfk,CXC - THROUGH THE STORM (Official Video),"Official Music Video for THROUGH THE STORM by CXC: 
https://linktr.ee/Cxcldxn
https://www.instagram....",72,10687,2022-09-08,officialcxcldxn,0,0,6,1
RHwlv0LZB00,i miss 1ik,"I'm kind of sad ngl

twitter - https://twitter.com/kayluuhs
roblox profile - https://www.roblox.com/...",18,360,2023-04-30,kayluuh,0,0,0,0
t68T3xsvX6I,I9A Highlights,This is Fortnite Highlights Video,14,114,2021-09-24,I9A,0,0,0,0
y-Jq3-nQwwo,,"#  # # #ghost #Horror



11


 
https://youtu.be/y5ukjPsuErQ

https://youtu.be/Iyejy77Hvbk




Youtu...",1370,22612,2023-05-17,TV,0,0,0,0
ko2fgqa1ND0,JDL- Le Retour (Clip Officiel),"Dcouvrez le nouveaux clip du groupe JDL intitul  ""Le Retour""

Disponible en streaming https://fanlin...",10735,554954,2020-01-02,JDL HOUSE ,0,0,0,0
m75UKqVHRZ4,Our GIRLS ONLY PROM Redo!! ** i made my dress **,"RATE MY DRESS YALL!!!


THANK YOU  GRLZONLY_ FOR THROWING THIS PROM EVENT!!


Make sure you guys LIK...",1186,11889,2023-05-17,Z+3 TV ,0,0,0,0
1PhqrqjTSX4,  !!! | RJV,"            !          ! 
                .


     - https://bit.ly/3lWyhPb

   - https://bit.ly/2Hi...",43,711,2020-10-21,RoniJackVituli,0,0,0,0
JBdYh5meyA8,ZY'HAD x OWX  - '' BABY LOVE  '',"ZY'HAD x OWX  - '' BABY LOVE  ''

Alban Mrn 
@obproduction6679 ",42,1012,2023-03-11,OB PRODUCTION ,0,0,0,0
DStKtBXiJMw,Explanation on 2QR-complex,"2QR ('to cure') is a groundbreaking, globally patented innovation to solve bacterial problems.",1,275,2019-02-20,2QR,0,0,0,0
rKp-bBRvnl4,6WC Grand Finals: Canada (3) vs Indonesia (1),,7,438,2022-07-16,osu! 6WC,0,0,0,0
FjH4xisv2zE,60 _bol_ man_ jitne_ ke_ liye_92 _run _India_ vs _New_ Zealand_,like_ and_ share _and_ subscribe_,1,5,2023-03-18,The Entertainment iz,0,0,0,0
Rf1Urck22Tw,Die Plne von RWE einen See im Braunkohlerevier zu schaffen | Westpol | WDR,Es klingt verlockend und wrde NRW in Sachen See in eine Liga mit dem Bodensee oder der Mritz katapul...,87,3145,2023-05-17,WDR,0,0,0,0
pmvb5BciLUM,"FULL MATCH  Roman Reigns vs. Randy Orton & Seth Rollins  Handicap Match: Raw, March 9, 2015",Roman Reigns must try to overcome both Randy Orton and Seth Rollins in a thrilling Handicap Match on...,17428,1316877,2023-03-09,WWE,0,0,0,0
mXHbNpHJePw,FQM - Women in Mining,"Ever wondered how copper is made?
First Quantum Minerals Kansanshi Mine in Solwezi is the largest co...",133,10147,2019-03-08,Langmead & Baker Ltd,0,0,0,0
Gj3NtOkOFZg,KM1 x Deh Dealer (Open Mic Live Video) | POPPALOX ENTERTAINMENT|,"#POPPALOXENTERTAINMENT, #GrandMastersBand #Nevis5in1 #SubscribeBelow
===============================...",56,1769,2022-01-28,POPPALOX Entertainment,0,0,0,0
OL-aX5FDeFI,Kangaroozy vs Wkq (Insi pvp) L,"IGN: Wkq

IP: insi.kro.kr

Pack: Default Low fire by Gosu

Song: G-Eazy - Marilyn (feat. Dominique L...",70,1173,2016-07-06,Wko,0,0,0,0
WuGx_Y9Qoa0,zg3,,22,20047,2014-08-28,Ani Yan,0,0,0,0
d_zFVstfOfY,Le 13 Heures de RTI 1 du 18 mai 2023 par Juliette Weah,"Toute l'actualit de la Cte d'Ivoire chaque jour sur RTI Info avec les journaux, reportages et magazi...",4,349,2023-05-18,RTI,0,0,0,0
5xyZ5Yt-Z2Y,The Good Mothers | Official Trailer | Hulu,"Based on a true story, The Good Mothers recounts the lives of three women who dared to defy the Ndra...",513,74764,2023-03-27,Hulu,0,0,0,0
-qPWnSHc-Mo,QKZ x HBB Review and comparison with 7Hz Zero - $20 Budget Earphone King?,The QKZ HBB Review and comparison with the 7Hz Zero - Which will be the new $20 Budget IEM KING?,296,9732,2022-11-04,WhatsNew,0,0,0,0
h7wWinwIKnI,Brothers Osborne - Rum (Official Music Video),"Purchase Brothers Osbornes latest music: http://umgn.us/bosbornepurchase
Stream the latest from Brot...",46963,11318673,2014-07-16,BrothersOsborneVEVO,0,0,0,0
iQSOCoyMmMU,Korean Natural Farming How to : OHN,HOW TO CREATE OHN (ORIENTAL HERBAL NUTRIENT)// CREATE THIS MEDICINAL TONIC FOR PLANTS AND ANIMALS TO...,3480,191907,2016-09-06,Chris Trump / Biomei Natural Farming Solutions,0,0,0,0
RS8P7SqSx8Y,A  W  Uej,,58,979,2020-08-09,Alaa Ahmed,0,0,0,0
m51Pt8iewp8,8om - Moon (ft. Luna),"Written, singed by Luna
Produced, mixed and mastered by 8om

https://soundcloud.com/8om/luna-moon",20,440,2023-01-27,8om,0,0,0,0
RgKAFK5djSk,Wiz Khalifa - See You Again ft. Charlie Puth [Official Video] Furious 7 Soundtrack,"Download the new Furious 7 Soundtrack Deluxe Version on iTunes here: https://apple.co/3paGCzN

See W...",40929622,5886799995,2015-04-07,Wiz Khalifa Music,0,0,0,0
wYGoD2HSnCE,Enable 5G Network in any Android Phone | Increase Internet Speed Like 5G | 3 New Settings,"Hello,
Dosto es video me Maine apko batya hai kaise aap apne phone me high speed me internet estemal...",8637,523645,2022-06-03,Hindi Tutorials,0,0,0,0
ZkeYt8nNVys,Jordan Neely's death EXPLOITED by AOC!,"// SUPPORT THIS CHANNEL //
https://www.patreon.com/whatsherface
https://rdbl.co/3EEwNFF

// SOCIAL /...",2473,14030,2023-05-13,WHF Entertainment,0,1,0,0
-HaGAcUejHs,Malade,"Provided to YouTube by DistroKid

Malade  Oly  Yongamarok  Idrane

Malade

 333

Released on: 2023-0...",3089,161639,2023-01-28,Oly - Topic,0,0,0,0
NahQKl3z3mg,PnB Rock - Unforgettable (Freestyle),"PnB Rock - Unforgettable
Free Download - https://atlanti.cr/pnbunforgettable

Download / Stream Goin...",566049,70427528,2017-05-22,PnB Rock,0,0,0,0
hA9UfRed5RU,Reply to @q0._0p I dont know what to think about this one  @ruesaint,#shorts #shortsvideo Reply to @q0._0p I dont know what to think about this one  @ruesaint,0,0,2022-08-18,Alastair Hall,0,0,0,0
-ibLmPuojmw,SIDEMEN CROSSBAR CHALLENGE!!,"A YOUTUBERS CROSSBAR CHALLENGE

WATCH THE GAME HERE: https://www.youtube.com/sidemen

Thanks to http...",967944,70725761,2016-03-06,W2S,0,0,0,0
wLs0rimdxPg,ULX Leather Desk Mat - Time For A Moan,A quick review of the 'luxurious' leather desk mat from ULX or Ultralinx. This product commands a pr...,107,7226,2020-05-22,TDCatTech,0,0,0,0
zY0hPUDTVXQ,The DEFINITIVE Shao Kahn Guide by VGY,Hope you all enjoyed! Let me know what you guys thought in the comments. If you would like to suppor...,199,2235,2023-05-14,VideoGamezYo,0,0,0,0
JmSLE4UFNn0,TOP 7 MSICAS QUE SO MEMES Parte 13 | QMQ,"Contato: comercialqminutosq@gmail.com
Inscreva-se e seja Ota Patilera!

#memes #musica 

Para encont...",1390,8715,2023-05-17,QminutosQ,0,0,0,0
eleobz-j_hc,Rich vs Poor Wedding - Very Sad Story but Happy Ending - Poor Princess Life Animation,"Rich vs Poor Wedding - Very Sad Story but Happy Ending - Poor Princess Life Animation


 Subscribe u...",1837,101100,2023-05-13,SM Story Animated,0,0,0,0
ItY-d9LjkZE,_SI TE RIES PIERDES_MODO TIKTOK_#2_/MOMENTOS_DIVERTIDOS_EN_[TikTok]_[PARTE 44],"RISAS Y DIVERSIN
#TikTok
#NoParardeReir
#Recopilacin
#Muser
#TikTokers
#Compilation

Gracias por ver...",6,156,2020-10-05,TikTok_Multiviral_HD,0,0,0,0
vVuj5FL7JXM,Almost Famous - AF8 ft. DJ Eprom,"Zamw album : http://www.almostfamousshop.com/

Album: Almost Famous
Artists: Almost Famous (Bonson, ...",4869,459201,2017-01-17,GRZVIDEOS,0,0,0,0
rC9f7G6oUSA,Why QTS,Our mission at QTS is to provide tomorrows engineered solutions to todays complex IT needs by giving...,11,932,2017-02-09,QTS Data Centers,0,0,0,0
5NB7pco2JZw,Sherrie breaks down the Q5X Lineup of Transmitters,Looking for a reliable and versatile wireless audio solution that can handle extreme environments? L...,21,529,2023-03-24,Trew Audio,0,0,0,0
IvH3LNHkrYk,T-FIVE - Kau,"""T-FIVE - Kau""

Kau..
Disini saat kusapa dirimu
Ragu dan malu hantui diriku
Tiada kata terucap tanpa...",53793,11545207,2013-07-10,Sony Music Entertainment Indonesia,0,0,0,0
H6aeMMZ_rJQ,Ronaldo Phenomenon Unforgettable & Legendary Plays,,22092,5101575,2021-10-26,mr bundesteam,0,0,0,0
17DsrkQq2KI,NIY 32 - Nih Nih | Talent In The Cutt Performance  (Cincinnati),NIY 32 - Nih Nih | Talent In The Cutt Performance  (Cincinnati),334,13559,2022-04-25,LyVe Cuttz,0,0,0,0
Mwhpbzlc7XY,NO-ONE SAW IT COMING!,"After a grueling ICW World Heavyweight Championship defence, Leyton Buzzard was caught off guard by ...",53,1197,2023-05-18,Insane Championship Wrestling,0,0,0,0
FwuMuEnqJ_8,KNVCKLES - WHX THX FXCK IS THXT - Sped up,KNVCKLES - WHX THX FXCK IS THXT - Sped upSpotify Playlist: https://open.spotify.com/playlist/0onZrnZ...,425,29426,2022-12-09,Phonky Town,0,0,0,0
ZJQILBZMv-s,"NIKE KD 4 'BATTLE TESTED""",Hey Guys! Here is a detailed look and review of the upcoming Nike KD 4 Retro in the 'Battle Tested' ...,3076,76588,2018-05-30,WearTesters,0,0,0,0
o2dyMsWAQYU,Dragon Quest X Gameplay: Dragon Quest 1 Event!,"Doing the Dragon Quest 1 event with members of my team!

Want to try out DQX? Join my Team?  Check o...",60,5558,2022-05-19,Ceciliantas Dragorath,0,0,0,0
pKqVj-ermPY,"Mskie Granie Orkiestra 2023 (Igo, Mrozu, Vito Bambino) - Supermoce","Mskie Granie Orkiestra 2023 (Igo, Mrozu, Vito Bambino) - Supermoce
Muzyka - Mrozu, Igo, Vito Bambino...",25356,1802252,2023-05-17,MeskieGranie,0,0,0,0
PG9CMGHelAQ,AVX - Demons (Official Video),"Official Music Video for Demons by AVX 

Stream & Download song here: https://undgndsupply.ffm.to/hi...",35,640,2022-12-28,AVXVEVO,0,0,0,0
72WQKK2QN4A,I_W|LL_pUt_y0u_bAck_TogethEr,,2,37,2022-12-19,JPTV,0,0,0,0
b3xVz3rbJyE,[EXCLU] Chicaille Argent - 2P8 #PlanteRap,"Kodes dans Plante Rap pour prsenter son nouveau projet "" NO CAP, Vol. 1""  Regarde lintgrale de lmiss...",1502,87479,2023-01-25,Plante Rap,0,0,0,0
i3bV47SjEbE,boy pablo - i heart u (Official Music Video),"Listen to i heart u here: https://777music.ffm.to/iheartu

https://boypablo.bandcamp.com/

Directed ...",40011,1111390,2021-06-22,boy pablo,0,0,0,0
g26OPwnJVaU,Fah 1985 ,,71,262,2023-05-18,Fah 1985,0,0,0,0
YkdFMde8xjs,ELD Driver Training Video,What every driver needs to know to successfully operate the PeopleNet ELD.,609,64110,2020-02-14,Buchheit Logistics,0,0,0,0
mA_UBPI-eM8,Army MOS 88N Transportation Management Coordinator,"If You Would Like To Talk With An Army Virtual Recruiter Over The Phone Or On Video, Click The Link ...",22,3808,2019-03-18,GoArmy Kansas City,0,0,0,0
AyxpXVUy81o,Fey - Azcar Amargo,Vdeo oficial de Fey de su tema Azucar Amargo (Video). Haz clic aqu para escuchar a Fey en Spotify: h...,392397,125345158,2010-09-04,FeyVEVO,0,0,0,0
pDwFPfdLDvo,Understanding the Tudor Pelagos FXD,"Check out our watch strap shop - 10% off when you buy 2 NATO Straps:
https://barkandjack.com

Hands-...",5026,199380,2022-01-29,Adrian Barker,0,0,0,0
v-x_nuq4AXw,Persona Q2: New Cinema Labyrinth - OPENING MOVIE CUTSCENE!,Persona Q2 - Opening Movie Cutscene with the main theme song Road Less Taken! Persona Q2: New Cinema...,49486,2477971,2018-09-21,Tealgamemaster,0,0,0,0
8ei0yB9EQU0,Clip on D_Y-Z_Y,https://store.playstation.com/#!/tid=CUSA07669_00,4,124,2022-07-06,NSR _200iQ,0,0,0,0
jxstE6A_CYQ,Simple Harmonic Motion: Crash Course Physics #16,"Bridges... bridges, bridges, bridges. We talk a lot about bridges in physics. Why? Because there is ...",19843,1406128,2016-07-21,CrashCourse,0,0,0,0
2r746fpS0cw,RICH JAIL VS BROKE JAIL || Funny Situations At Home Jail! Sneaking Makeup With REAL VOICES By 123GO!,"No matter if you're rich or poor, being a prisoner is never fun. But having a little green definitel...",44850,7571761,2021-06-19,123 GO!,0,0,0,0
iKMLkAwrEWs,Starboy Nathan The FBI came for me RTM Podcast Show S5 Episode 4 (Trailer 2),"#podcast #rtmrecords #youngspray #starboynathan

You only live once but you only get judged by God o...",68,3187,2023-05-18,RTM Records,0,0,0,0
a6_Sh0lH3BE,ACCRA TZ5 and TZ6 - Inside the newest shafts from Accra Golf,"Ian, with the help of Gawain Robertson - Director of Sales & Global Club Fitting for True Temper Gol...",456,18901,2022-03-08,Tour Experience Golf // A Club Champion Brand,0,0,0,0
sneZv2f-bV0,  ,"13



37






https://twitter.com/wada0920kkk
https://twitter.com/HisashiAoyama
https://twitter.com...",11181,739616,2023-04-19,NOBROCK TV,0,0,0,0
X0E_2VDIkv8,Underground construction SXQ,la mejor msica de mi generacion hardhouse  PARA LOS CHOLOCOS,1110,79093,2015-08-08,Dj Space X-tacy,0,0,0,0
MkEI569EdkA,CheckMate 9LA: TMB and immune checkpoint inhibitor efficacy,"Sanjay Popat, BSc, MBBS, FRCP, PhD, The Royal Marsden NHS Foundation Trust, London, UK, shares an up...",2,185,2021-04-01,VJOncology,0,0,0,0
-Wn_-TSBO9U, ,"1
https://chaiquanaxing.page.link/eNh4

dskaka002
~
~
####",58,2982,2023-01-18,,0,0,0,0
9Q7bjjUgSPE,NEVER buy a AR-9!  #shorts,#shorts #like #shortvideo,28476,604681,2023-04-16,1st Shot Tactical,0,0,0,0
tE06z46-k5M,Landing at LaGuardia Airport (LGA) Runway 22 with Commentary from a New Yorker,A Delta Airlines flight in an Airbus A321-200 landing at LaGuardia Airport (LGA) from the South from...,1519,37277,2023-02-03,ActionKid,0,0,0,0
pQGQFrmLfTM,VNH hestshot tui....,,40,1044,2021-01-03,Clown#,0,0,0,0
vfhSK5WMXRg,Amicu a zis ca STETZ IL TROLEAZA! Minte,"ENEBA - Jocuri IEFTINE (PS4, Xbox, PC)! https://ene.ba/LCT
Cumpara jocurile la cel mai bun pret! htt...",4204,29749,2023-05-17,Lectur DeLaA-LaZ,0,0,0,0
Ne5tDZ8ePmU,BoyWithUke - Out of Reach (Lyric Video),"Lyric video for Out of Reach by BoyWithUke.

Tickets for BoyWithUke Australia 2023 are on sale now: ...",80534,1929121,2023-04-07,BoyWithUke,0,0,0,0
7n8Gjx2JJLw,Volumes - FBX,"Volumes - FBX
From the new album Happier?| AVAILABLE NOW
Listen/Download the album: https://found.ee...",1607,112382,2021-11-19,Fearless Records,0,0,0,0
V9Ma5a3XN9A,22R Toyota Full Build,We were privelaged enough to take on another awesome build owned by Kenny Alvarez. His all original ...,2756,275724,2020-12-12,PSI Racing,0,0,0,0
C_LRGR63jEI,2023 GB4 Championship | Silverstone GP | Race Three,"The GB4 Silverstone weekend comes to a spectacular conclusion, with the always-entertaining reverse ...",82,3531,2023-05-07,MSV TV,0,0,0,0
B0zhdOV_lB4,D37          -    !,"        ?
  ,   .  
        ?

      
     .

   !
     
    !

100     37!
     !

    .
!
!

    ,...",1870,58734,2019-03-16, Mind Power by Sunghee Cho,0,0,0,0
OdmA8K3qNHg,   Evaluation des acquis scolaires 5ap,https://drive.google.com/file/d/1BKoJAE94vNXE8RhDIILEPSNzn0aQH99J/view?usp=share_link,2233,45878,2023-04-08,oum yaqine Relizane  ,1,0,0,0
zcSYTBM7VmY,I Became RICH on This Minecraft Server,"I played Sky Block for the first time and made 100 MILLION dollars and it was pretty POG!

IF U ENJO...",6991,300277,2021-09-11,Omz,0,0,0,0
tc6X7MEAOVA,Ft_-_@RGBucketList_l_Efx_Edit_l_Nainowale_Na_l_Alright_Editz,http://youtube.com/@soyeb1211,2,4,2023-05-17,OMG AK ,0,0,0,0
ebZZhzqCrrA,$GXEPROJECT XENO,"PROJECT XENO 
https://youtu.be/Cip2hYOsbIY
https://youtu.be/VGDoZWPgnoQ
https://youtu.be/vMJoF-H96Jg...",106,3883,2023-05-15,Moshin Channel_Crypto-Bitcoin,0,0,0,0
LSxkuVxq3bM,Goku unlocks MUI for the first time (DBS),"Yes i upload clips like these with good quality 

All credits go to Toei Animation and Akira Toriyam...",5764,323716,2018-04-15,MercRebel,0,0,0,0
sULr7gqedBg,F9M,"Provided to YouTube by WAS Word and Sound Medien GmbH

F9M  Neik

MEV

 2017 FUN RECORDS

Released o...",2,130,2018-06-25,Various Artists - Topic,0,0,0,0
kUUbRITxwtk,How a Teenager Made 30 Million Dollars -  QFW,"App Creation is the coolest way to make a fortune.
Subscribe - https://www.youtube.com/channel/UCFIv...",17,306,2020-03-09,Quest For Wealth,0,0,0,0
eWLVBP3VrO4,"432 Hz - Deep Healing Music for The Body & Soul - DNA Repair, Relaxation Music, Meditation Music","432 Hz - Deep Healing Music for The Body & Soul - DNA Repair, Relaxation Music, Meditation Music

 N...",315695,37833702,2016-03-16,Meditation and Healing,0,0,0,0
96Eu6-ToclI,Waliwo bannayuganda abakubye gavumenti mu mbuga olw'okulemea Bobi Wine okuyimba #Kawunyemu360,"Join this BBS Terefayina family to get access to perks:
https://www.youtube.com/channel/UCrkQ4OlgtOQ...",53,1847,2023-05-18,BBS TEREFAYINA,0,0,0,0
HxUbEaTAEMQ,K20 Swap Es1 Civic First drive!,"Shes on the road  next video we ripppp on it!

Another throttle body calibration vid

https://youtu....",30,806,2023-03-23,Kheven Lagos,0,0,0,0
XY4qx44qf8o,[PoE] 100 Legion Cemeteries - Low investment mapping - Stream Highlights #734,"Use my Ridge link to get up to 40% off on selected items:
https://ridge.com/empy

Stream: https://ww...",511,17279,2023-05-18,Empyriangaming,0,0,0,0
2UI_r8hBSwo,Giz,"Provided to YouTube by Flex Music

Giz  Jimilian  Naji The Pilot

XHEMILIAN

 2023 Flex Music

Relea...",53,5776,2023-04-27,Jimilian - Topic,0,0,0,0
Q3vW2amp0zk,Gutta x VT - EGK,"Gutta x VT - EGK (Official video)
Instagram: @192gutta
Instagram: @Vt.Stl
Shot by:      @2tab.visual...",2487,187588,2023-04-21,Gutta192,0,0,0,0
6Xj3UUuPBDk,Java Server Faces Tutorial | JSF Example,"BSc IT Practical

Check out our website: http://www.telusko.com

Follow Telusko on Twitter: https://...",1081,109488,2016-09-24,Telusko,0,0,0,0
jAlfVzGVGQk,HT4 Monster Friends turning Human   not cool,,3276,679954,2022-01-26,Justin Ying,0,0,0,0
cMVmFAd2WbI,Legacy Captulo 209 | Doblado al Espaol,"Seher es una nia modesta, joven y hermosa que vive con su anciano padre. La vida tranquila de Seher ...",17802,1313460,2022-09-08,Legacy en Espaol,0,0,0,0
Xj5_YfTL67w,Career Benefits Of LKI  Korean Language Courses,"Please check the details of our Korean language courses and next batch here - 
Level1: https://www.l...",330,5122,2021-03-19,Learn Korean in India,0,0,0,0
V2LU-lC-WX0,all u fuck boys,follow me on twitter https://www.twitter.com/el_jack0,33197,2553009,2015-10-15,el_jack0,0,0,4,0
Dll6VJ2C7wo,"RAYE, 070 Shake - Escapism. (Official Music Video)","Debut album 'My 21st Century Blues' feat. 'Escapism', 'Hard Out Here' & 'The Thrill Is Gone' availab...",895916,69640430,2022-11-09,RayeVEVO,0,0,0,0
6T8Iy2lktgo,EXO-CBX () 'The One' Special Clip (From EXO PLANET #3 - The EXOrDIUM -),"Listen and download on iTunes & Apple Music, Spotify, and Google Play Music http://smarturl.it/EXO-C...",936503,22975995,2016-11-07,SMTOWN,0,0,0,0
Cszp89gslTg,Yus Gz - Warzone Pt. 2 (Official Video) #faceofbx #trending #EBSDemons #unitedkingdom,"F.E.B Entertainment 

https://instagram.com/febentmusic?igshid=YmMyMTA2M2Y=


Follow My ig : https:/...",27497,1677656,2022-08-12,Yus Gz,0,0,0,0
dEJ9cIIB_ds,Do You Have What It Takes to Join York Regional Police?,On International Women's Day - and everyday - we salute the inspiring female members of York Regiona...,47,3069,2022-03-08,OfficialYRP,0,0,0,0
JtG3C64lLJA,GIRLSTALKGura The Girl joins us!!!!! #kfp #,"with @NanashiMumei and @GawrGura !


Takanashi Kiara - DO U
MV: https://youtu.be/QI96hnhcr2E
STREAM:...",1228,0,2023-05-18,Takanashi Kiara Ch. hololive-EN,0,0,0,0
q8r97yiTZ9c,Tan Solo Dime - m0z - (beat. @ChrisBeatsChrisBeats ),"letra: m0z
beat: chrisbeats
prod: @Alessxndrou 




hola gente, compartiendo me ayudarian bastante  ...",17,114,2023-03-31,m0z,0,0,0,0
zwrWtsx0jA4,Cn hn 76.000 t ng lm h tng khu  th bin Cn Gi? | CafeLand,"Bt ng sn CafeLand
Cn hn 76.000 t ng lm h tng khu  th bin Cn Gi? | CafeLand
Like, Share & Subscribe  ...",136,2765,2023-05-18,CAFELAND,0,0,0,0
6WemU9VmdAc,One of my parts for SXO;; FBAM,"Link to the full video!

http://www.youtube.com/watch?v=aXQwz5roaSk

Add/Sub us!? :)",48,10323,2010-02-08,DTNG4everlovee,0,0,0,0
fe4EK4HSPkI,MGMT - Kids (Official HD Video),"""Kids"" by MGMT
Listen to MGMT: https://MGMT.lnk.to/listenYD

Subscribe to the official MGMT YouTube ...",1275819,171682881,2009-10-25,MGMTVEVO,0,0,0,0
4y0YpucYL2A,Climax Episode 94b,,8660,204836,2023-03-28,TRUST FILMS,0,0,0,0
B7IvH_5bZYc,ZQI Ammunition Factory Tour,We head to Turkey to check out the ZQI ammunition manufacturing plant operated by MKE. ZQI ammo has ...,5014,152723,2015-04-13,Military Arms Channel,0,0,0,0
8xkjbJ4ao84,Como es mi casa de toca bcq,,31,2733,2021-05-19,Roberto Ayala almonacid,1,0,0,0
H_D1slx5K_M,"[Day 3 FINALE] I was 1st for BOTW, NOW for Tears of the Kingdom I waited 72 HOURS!",Join me for the final day and night before I finally get The Legend of Zelda Tears of the Kingdom at...,2373,43005,2023-05-14,Alex CND,0,0,0,0
gnwbon7va1Y,FINALLY YE MIL GAYA BANGKOK MEIN - BIGGEST TOY MALL in WORLD !! ," For Business/Collaborations :-
 ypmvlogs@gmail.com

 Follow YPM Vlogs on Instagram :- 
 https://www...",1851,24809,2023-05-19,YPM Vlogs,0,0,0,0
kWbRbGybz7Y,The Most Detailed Alien Species in Sci-Fi?,What is the most detailed alien species in sci fi? Discover the unbelievably dense lore of Christian...,3570,24334,2023-05-19,Curious Archive,0,0,0,0
ZhKJF7PpMfQ,NaturalVision Evolved  January 2023 Update," Early Access: https://www.patreon.com/posts/new-update-31st-78037744
 Single Player Beta: https://r...",4891,132142,2023-02-04,Razed,0,0,0,0
v5oPIkeDNBI,0r4 - Dinosaurs Can Dance (full album),"Dilated Pupils Rec 2018
FREE DOWNLOAD HERE: https://dilatedpupilsrec.bandcamp.com/album/dinosaurs-ca...",8,178,2018-07-12,Dilated Pupils Rec.,0,0,0,0
PLpyn4o-0uE,Superheroes VS SCP-096 and Army Siren Head - BigGreenTV,"Superheroes VS SCP-096 and Army Siren Head - BigGreenTV
https://youtu.be/PLpyn4o-0uE
#scp096  #siren...",7933,3506378,2020-09-16,BigGreenTV,0,0,0,0
ryhi5-qzLIM,UGN - Advanced Manufacturing,"UGN talks about why they chose Monroe, Ohio to open their manufacturing facility.",52,10001,2015-05-05,REDI Cincinnati,0,0,0,0
versurNJ8aI,"War in Ukraine: Russia failed to achieve its offensive goals, says ISW","Learn more about the situation in Ukraine, as the UK defence ministry reports that Russian casualtie...",62,7974,2023-04-25,euronews,0,0,0,0
cMwU8io8vvQ,You Can't Shoot The Private Property ,"Today we take a look at 4PX EXPRESS UK CO LTD, Unit 2 Arenson Way, Dunstable LU5 4RZ.

We comment on...",2420,55550,2023-03-20,DJ AUDITS,0,0,0,0
gGagPdT3L-s,Bob Marley Greatest Hits Reggae Songs 2018 - Bob Marley Full Album,"Bob Marley Greatest Hits Reggae Songs 2018 - Bob Marley Full Album
Thanks for watching! Don't forget...",245731,33525533,2018-04-16,Yuu Mii,0,0,0,0
Imlf3s--zUg,GQM - What is it & How it works?,The Griffiths Question Map (GQMTM) is a completely unique method of analysing interview skills and h...,78,3007,2018-12-04,GQM,0,0,0,0
dRE4MLecgTA,AUDIO AMPLIFIER LATEST TECHNOLOGY - AGD PRODUCTIONS,"#audio #amplifier #amp 
INNOVATION and Excellence in Amplifier Design...

Enjoy !",309,5299,2023-03-01,OCD HI-Fi Guy,0,0,0,0
L74dUzhw9S8,street food from around the world / Nutella croissants / Uzbek pilaf / Italian nougat with nuts,"Hi everybody. today we will cook 3 types of street food from different countries, namely:french croi...",3471,178559,2022-07-13,vzc,0,0,0,0
Sne1rL1iTeg,How long Does It Take to Get PMP Certified,"In this video, I will explain how long you should be studying to get your PMP Certification. 

Here ...",86,1726,2023-05-19,Andrew Ramdayal,0,0,0,0
lpPvXVN0Llk,BURRRRRR - Izr (Music Video),"A dope music by izr and team.
Enjoyed?
Lets hit 2 likes!!
Goo!",29,719,2018-10-08,IZR - Music,0,0,0,0
mXrxB_L5-0s, GWF Mystery Mayhem 2023 | Komplette Wrestling-Show LIVE," Jetzt untersttzen: https://WeAreGWF.com/support
 Tickets fr GWF am 04.06.2023: https://WeAreGWF.com...",151,4540,2023-05-07,German Wrestling Federation,0,0,0,0
MFqmALhITzc,TVU One Overview & How to Use,"Courtesy :
TVU Networks Corporation
857 Maude Avenue
Mountain View, CA 94043

Where to buy:
sales@di...",154,21669,2016-02-21,TVU Channel,0,0,0,0
e2LOh5eGTX4,Bullfrog R7L - Urban Life Pools & Hot Tubs - R Series,,9,1308,2022-04-04,Urban Life Pools & Hot Tubs,0,0,0,0
0f1Ku5lHue4,BREAKING VID30 SAFAREE XP0$E AS BIG DVTI FI$H AFTA SPICE LE@K 0UT EVERYTHING 0N H3R LIVE X GET DI$$,GREETINGS MY VIEWERS AND SUBSCRIBERS TODAY I SHARE WITH YOU ANOTHER STORY...THIS TIME IT'S ABOUT DAN...,288,7419,2023-05-17,newlink production,0,0,0,0
Id3vREz_A-E,Qbe - On Point (Official Video),"#Qbe Performing ""On Point""

Produced by Romii Records
Purchase/Stream: https://onerpm.link/qbe-onpoi...",247,3211,2023-03-08,QbeVEVO,0,0,0,0
O1xXyauCJBE,GFV NATAL2014,Feliz Natal... GFV,35,8912,2014-12-10,Garrafeira Feira Velha,0,0,0,0
w5xCDXOA4vk,4YU - BUDALO MALA (OFFICIAL VIDEO),"Official music video for Budalo Mala by 4YU.
 Stream/Download: https://idjtunes.fanlink.to/budalo-ma...",22298,1393878,2022-05-30,IDJVideos.TV,0,0,0,0
q1W6ufwm74M,BG0,,1,69,2021-02-14,Pro Hustle,0,0,0,0
bf5G2F7GV8U,Amma Laptop- ANDROID OS  | HOW TO INSTALL ANDROID OS IN LAPTOP | A2D Basics,"https://bit.ly/123A2D
 cdkeyoffer  25% discount code: A2D
Win 10 Pro($16):  https://bit.ly/123A2D 
W...",3762,36807,2023-05-19,A2D Channel,0,0,0,0
1Or9n_KWKMQ,Turkeys Arrive in the Mail/ Day in the Life on 14 acres,"Today's Vlog our turkeys arrive and we move feed with the new farm truck!
Punk Rock T-Shirt: https:/...",4675,45261,2023-05-14,Sow the Land,0,0,0,0
w5i-8PJfkDA,Hair cut styles day new haircut color colors cute z z v,,4310,120401,2021-12-21,Oussama Sabbagh,0,0,0,0
P0ugVfVXilo,The Danelectro '59M NOS+ (Sweet Saturdays #6),"The Gear In Todays Video
Revv D20 Amp - https://imp.i114863.net/PXJy6
Wampler Plexi Drive - https://...",2800,44734,2021-06-12,Robert Baker,0,0,0,0
QKm-SOOMC4c,Best VR 360 Video (Virtual Reality),"Best VR VIDEO 360 Virtual Reality Video 
Compatibility: Google Cardboard VR Box 360, Oculus Rift VR,...",854745,142943752,2017-12-22,3D VR 360 VIDEOS,0,0,0,0
xbMolHcoPkk,Fxh,RdwzwdxxexxxBu elenceli videoyu sadece senin iin yaptm,84,4754,2017-04-23,MehmetAli CAN,0,0,0,0
Zq6OGSbL-uk,KE2 evaporator efficiency installation,"Install a KE2 evaporator efficiency


If you would like to help out the channel or buy me a cup of c...",540,6817,2020-10-03,Nor-Cal Refrigeration & H.V.A.C,0,0,0,0
1xmzKa7vTxs,THiS gAme d0O d0o,,0,32,2019-05-14,Ahmad Clark,0,0,0,0
ZEhSg8h-qWg,   | Stories in Hindi | Horror Stories in Hindi | Hindi Kahaniya | Hindi Story,"   | Stories in Hindi | Horror Stories in Hindi | Hindi Kahaniya | Hindi Story

Story - Bhootni Ki P...",2755,206172,2021-09-09,Koo Koo TV Hindi Horror,0,0,0,0
9FyiuvzWU8M,She's Got Power! Jade Wong vs. Crystal Pittman,Throwback to when Jade Wong faced off against Crystal Pittman from BKFC Montana. Jade will face Tayl...,1376,71060,2023-05-17,Bare Knuckle Fighting Championship,0,0,0,0
dqqC6S8IUoI,Increase in Value of The Iraqi Dinar On ForexIraqi Dinar News Guru Intel Update Dinar IQD Value,"Increase in Value of The Iraqi Dinar On ForexIraqi Dinar News Guru Intel Update Dinar IQD Value

We ...",162,2395,2023-05-18,Dinar Data,0,0,0,0
g3ZYTMP2WFs,How to create multiboot pendrive using E2B,"#SRTechBlog #multiboot #pendrive #e2b

Application Download Link: https://easy2boot.xyz/

Easy2Boot ...",59,5944,2021-08-31,SR Tech Blog,0,0,0,0
8LakVN65Ubg,RZW Music Video- It's All Over,This is The Official RZW Music Video highlighting the Best RZW And DIW has to offer.Comments are wel...,47,1158,2009-01-04,rzwextreme,0,0,0,0
l2k7SjfT7mc,eau,"Provided to YouTube by TuneCore Japan

eau  yutaka hirasaka

breath

 2014 Introducing!

Released on...",7167,373300,2018-11-16,Yutaka Hirasaka - Topic,0,0,0,0
N6uKOZKr0MY,YG3 FITNESS TRACKER  ..,.. YG3        . Smart Band,10,563,2019-09-13,   ..,0,0,0,0
bZOQpdrwTnU,Sirusho - Vuy Aman ft. Sebu (Capital Cities),"Sirusho - Vuy Aman featuring Sebu

""Vuy Aman"" - Music Video Out Now!

Subscribe: https://goo.gl/P8cN...",31916,7448346,2017-07-05,SirushoVEVO,0,0,0,0
cAqMNq7r0GA,Frj,,18,816,2020-12-19,hariom,0,0,0,0
H258ToTm8Mg,EXTREMELY DIFFICULT SQUAWK BLOCK WITH ONLY WEAPON - Chicken Invaders Universe,"no satellites, no special weapon and no death.
-----------------------------------------------------...",8,105,2023-05-04,T_Q,0,0,0,0
8wZ-lfeMjH8,First 50 Miler | Festival Edit | Trail Running Film,"""A 50 miler is typically not a distance you can run off the couch."" Festival edit of Fifty, a short ...",79,5823,2021-12-14,ET2media,0,0,0,0
hzcxB2JpWAs,Y.T.S.,"Provided to YouTube by TuneCore

Y.T.S.  Duke Da Beast

Y.T.S.

 2014 Thr33z Music Group

Released o...",3052,252812,2017-09-08,Duke Da Beast - Topic,0,0,0,0
_iYVz_3qwj0,RGZ -  #QRCODE 1 ( CLIP OFFICIEL),"RGZ - QRCODE 1 ( DECALE) 
Disponible sur toutes les plateforme de streaming 
Retrouver RGZ sur :
Ins...",110,8803,2021-10-01,RGZ officiel,0,0,0,0
JY3jda-JGiQ,Hxk,,134,10656,2018-07-26,Sameer Bhati,0,0,0,0
uAgUkEBv_Zk, Peppa Pig's Big Castle ," Watch the latest uploads here! https://www.youtube.com/playlist?list... 
 Watch Peppa Pig's most Po...",84538,24536831,2019-09-05,Peppa Pig - Official Channel,1,0,0,0
xFcCJAzU9jw,Eating Colorful Chocolate M&M's Candy in Toilet #shorts,Eating Colorful M&M's Candy in Toilet #shorts,392783,33532582,2022-03-20,Ryans Stuff,0,0,0,0
SnQ9wv3YEbg,MC Championship 31 - Update Video: Karma's gonna track you down! (Minecraft Event),"Watch MC Championship 31 live THIS Saturday, 20th May 2023 8pm BST!
 
Get your very own MCC Coin on ...",2238,15190,2023-05-19,Noxcrew,0,0,0,0
nLSACpIpHFk,LL2 (Free Tito),"Provided to YouTube by DistroKid

LL2 (Free Tito)  4loso

TBT TAPE

 FTB'ent

Released on: 2022-05-1...",37,2352,2022-05-13,4loso - Topic,0,0,0,0
BPK9WNtpBgk,Yoga To Feel Your Best  |  22-Minute Home Yoga,"Hop on the mat for this 22-minute yoga session designed to help you feel good! Stretch your body, ta...",132821,8590203,2019-04-21,Yoga With Adriene,0,0,0,0
jhk7y7mYI6s,Open Virtual Switch (OVS),"Demo by Linux Foundation.
This video is about Open Virtual Switch, or OVS. So in today's demo, we wi...",135,8776,2021-11-21,Tech Upskill,0,0,0,0
OEIF9w5ZUnk,GIP- ENJOY (OFFICIAL MUSIC  VIDEO),"YOUNG GIP- ENJOY (OFFICIAL MUSIC  VIDEO)  
__________________________________________________
Yakore...",370,6799,2021-10-15,GIP OFFICIEL,0,0,0,0
M-hAeMxYksI,Marusczyk Elwood L6A-24 Live Demo - BassFreaks.net,"Elwood L6A24 by Maruszczyk.
Buy this bass and more at http://bit.ly/bassfreaksnet
 SUBSCRIBE  http...",7,637,2021-06-26,Bass Freaks SPRL,0,0,0,0
GvOE7fEa8kY,3AE - Beyond The Sun,"Original song, that was covered by Shinedown some time later.

http://therockvault.blogspot.com.br/
...",59,3514,2014-11-14,Jones Johnson,0,0,0,0
9RrQMYtAadM,NIU UQI (U Series) Pro Review - 100% Electric Scooter,Derek Reilly from EV Review Ireland takes an in-depth view of the 100% electric NIU UQi Series 100% ...,550,46475,2020-11-28,EV Review Ireland,0,0,0,0
Bclu97tzB_M,  i9p tws  ,,17,1953,2019-04-15,Alex Tokm,0,0,0,0
8QcgiI0BWe0,XZEEZ -  Inta Eyh (Remix),"Spotify Playlist: https://sptfy.com/carbassmusic

Turn on the '' to get notifications for new upload...",174996,24844339,2021-04-23,XZEEZ,0,0,0,0
suDvdfjmNjk,Very Cool Tecsun 2P3 Retro Radio Kit Build DIY,This is just a very fun little retro radio kit I had to purchase and assemble. It took me back to my...,739,42714,2015-10-17,RadioHamGuy,0,0,0,0
aHWiLaaasuU,FBG Butta on Lil Reese saying he popped a mf that sat on DJU couch #DJUTV p2,"Follow DJUTV https://www.instagram.com/_djutv/
Follow FBG Butta https://www.instagram.com/fbg.butta2...",4575,259626,2023-05-11,DJUTV,0,0,0,0
vg8aBGslG30,PUNJABI SONG 2022 | OHI A NI OHI A - Deep Bajwa Ft Mahi Sharma | Dj Flow,"#ishqpura07 
Ishqpura7 & Harry Aulakh Proudly Presents a Video of ""OHI A NI OHI A"" Song, Sung by ""De...",629990,66790778,2022-01-08,Ishqpura07 films,0,0,0,0
U_KNlEnG2Gk,Free Demopack by xji,"*CLICK* to watch my movie!: http://www.youtube.com/watch?v=thgxVo2MOGs

*A THUMBS UP WOULD BE GREAT!...",92,20076,2010-04-18,xji1337,0,0,0,0
9Hd8QJmZQUc,CompTIA Security+ Exam Cram - SY0-601 (Full Training Course - All 5 Domains),"This video is my complete CompTIA Security+ Exam Cram session covering all 5 domains of the exam, up...",8268,346428,2022-05-26,Inside Cloud and Security,0,0,0,0
5AXDbkbhk0M,Viair 88P & 87P Vs. Pittsburgh Portable 12 Volt Air Compressors Comparison,I put the Viair 88P and 87P along with Harbor Freights Pittsburgh compressors up against each other....,266,12481,2022-07-07,PostalRedneck,0,0,0,0
AbnucK4DBuA,Relax Every Day #SacDepSpa469,"Video c thc hin ln th 2 cho bn ""GY"", vo ngy 27-04-2023 ti Sc p Spa (ln th 2 ny spa thc hin 6 video t...",2842,80951,2023-05-19,SAC DEP SPA,0,0,0,0
PIWoJyUTLYc,86'd,"I do not own nothing.


Description of the original video published on Vimeo:

Full Moon, all the cr...",460,7249,2019-03-17,alan palomo's shit,0,0,0,0
OAONPn4OzIY,   !  BMW   700?," : https://matrp.cc/gvr
  GVR   VIP  7 , 50.000   Mercedes C63 AMG
---------------------------------...",23914,149123,2023-05-16,GVR AUTO SHOW,0,0,0,0
WJ4-oKRhbGo,SFV ZERO LIFE VS FULL LIFE CRAZY COMEBACK STREET FIGHTER 5,"Street Fighter 6 pre-orders now available!
PS4https://amzn.to/3uCY2Ky
PS5https://amzn.to/3uFsl3u

At...",60,3439,2023-05-19,6 ,0,0,0,0
FnC5KVCVDU0,SEVENJC AND ICA NONSTOP PLAYLIST   SEVENJC AND ICA LOVE SONGS COLLECTION 2020,,13863,2084388,2020-07-15,Music For You,0,0,0,0
dX3k_QDnzHE,M83 'Midnight City' Official video,"Watch the M83 Trilogy, including the full Midnight City video here: http://www.youtube.com/playlist?...",3262865,405727877,2011-10-17,M83,0,0,0,0
teA87QT0h7o,Wiwek - Ground Shake (JxF Remix)," Download Link 
https://soundcloud.com/jxfmusic/wiwek-groundshake-jxf-remix
Click ""Show more"" to see...",5083,383515,2015-01-25,Trap Nation,0,0,0,0
VtWVNYOzkIU,"Making Slime With Bottle ! Mixing Makeup, Clay and More into Slime !! Satisfying Slime #913","Subscribe for More Videos: 
https://www.youtube.com/c/TaylorRS

Thanks For Watching !!!

Contact :
 ...",113050,20188322,2020-09-09,Taylor RS,1,0,0,0
YUBSK2Nx3Gk,GENERAL ORGANIC CHEMISTRY in 150 Minutes || Complete Chapter for NEET,"Check NEET Mind Map - https://smart.link/q6tvuvu6mgtl8
Check Drona NEET Batch - https://bit.ly/DRONA...",6718,222985,2022-12-24,Competition Wallah,0,0,0,0
7dWkpTpRzWA,SWAROVSKI OPTIK - How to sight in the X5 rifle scope for long range shooters,SWAROVSKI OPTIK has redefined precision for the X5/X5i rifle scope. This long-range shooting expert ...,224,82417,2015-09-02,SWAROVSKI OPTIK Hunting,0,0,0,0
U7VZN8kJMxA,S7N - Blackout (Official Music Video),"""S7N - Insane (Official Music Video)"" 
https://www.youtube.com/watch?v=tH5dg74NrE4 --~--

S7N (Seven...",4211,192690,2014-06-24,S7Nmusic,0,0,0,0
zlU1VbLaFn8,"pzg & Dubsknit - ""Awfully deep"" (We rob rave 3)","OUT NOW https://suckpuckrecordz.bandcamp.com/album/we-rob-rave-3 
 ""We rob rave 3"" album,


video by...",180,5282,2018-12-30,SUCK PUCK RECORDS,0,0,0,0
6hgw6y6KsLI,Dhurata Dora feat. ECKO - Lus (Official Audio),"Stream/Download the album ""DHURATA"": https://dhuratadora.lnk.to/DHURATA.

Porduced: Jugglerz x Panda...",2347,205747,2023-03-02,Dhurata Dora,0,0,0,0
d1C1FsTk6p4,If Dollar General Had Delivery,"Watch your back, Amazon. DG is about to mess everything up.",5803,43299,2023-05-19,Matt Mitchell,0,0,0,0
NaFENe213ig,To Catch a Predator - Weary Predator - Jean Pierre Michael Wehry (JPW),"To Catch a Predator is a popular American reality television series, which featured on NBC. The show...",5480,506900,2021-09-01,Saul,0,0,0,1
LB0-wey78fo,Zaz Plus Grands Succs 2021 - Zaz Greatest Hits Full Album - Zaz Best Of,"Zaz Plus Grands Succs 2021 - Zaz Greatest Hits Full Album - Zaz Best Of 
Zaz Plus Grands Succs 2021 ...",20015,2347805,2021-04-09,Top Francais,0,0,0,0
JQtmJteLuq4,Stacy plays funny games with daddy,"Stacy and Dad made fun competitions. Stacy is constantly winning and dad is offended.
https://www.in...",27139,10853208,2019-02-16,Like Nastya Show,1,0,0,0
1lE2H9R6K7Y,Work Tuff Gear JXV Is Here!!! (AVAILABLE NOW!!) - Preparedmind101,"(DLT)USE THIS LINK!  
https://dlt.link/3xxZBMI

*** I ONLY get credit with my links*** If you click ...",641,11483,2022-04-19,PREPAREDMIND101,0,0,0,0
lYfwV3RCW8c,You Can Lose Your Job Offer For Silly Things (BGV Fail),"2nd YT Channel for HR Career: https://www.youtube.com/channel/UCBcP-bQ5d4aVmF481X1C0MA

Website: htt...",3230,294119,2022-08-09,The Corporate Diaries,0,0,0,0
T1WipCDDtC4,Derby Race Highlights | UCI Mountain Bike Enduro World Cup,"Round two of the UCI Mountain Bike Enduro World Cup in Derby was one for the history books. 

The Ta...",2056,116281,2023-04-01,UCI Mountain Bike World Series,0,0,0,0
L-yyM0mVBJM,"YMD - DROP OUT (Official Video) [prod. by Inflack, Ferhat Kayabas & Fewtile]","Instagram:
@markleeymd
@ddenymd
@officialymd
@ferhat.kayabas (Kamera)

Snapchat:
@marco22madrid
@den...",1953,63193,2020-01-17,YMD Official,0,1,1,0
VZANALxEBZc,"4 the family- 4TF (Official Music Video) RealTr3lewis, 4TF Pat, 4TF Jay",,80,3599,2021-09-19,4 The Family,0,0,0,0
ntaZHDOePrk,Fox QS3 shocks worth upgrading your old sled.,Upgrade my 2016 Arctic Cat 129 LXR with Fox shocks.,3,370,2022-12-07,What The Fun,0,0,0,0
Nl9OHiO5PE8,TCL QM8 Mini-LED QLED TV First Look | WOW! TCL Outdid Itself (and Everyone Else),I went hands-on with the TCL QM8 mini-LED 4K HDR TV and I am shocked by how good it appears to be. I...,4690,107174,2023-05-15,Digital Trends,0,0,0,0
MN_5O4mlR1w,Vous aussi Jouez au scrabble avec le wqt,Animaux aquatique nocturne,5936,555143,2008-05-08,sof429,0,0,0,0
zx5AIdRMSSM,"First ""New"" Content in Red Dead Online in 2023",For the first time in 2023 Rockstar added something new in Red Dead Online instead of usual monthly ...,2481,70949,2023-05-16,PVP Cat,0,0,0,0
BaYevzcdt9k,UNRANKED TO GM ROADHOG ONLY #1 (Overwatch),"Twitch: https://www.twitch.tv/six_cyx
Twitter: https://twitter.com/cyx_ow
Discord (come talk or ask ...",14684,352470,2021-05-14,Cyx,0,0,0,0
6hCOmtqpmek,L,"Provided to YouTube by DistroKid

L  hal  Hal Stage  Hal Stage

Perspektif

 Typeast Record

Release...",109957,21492044,2022-04-29,Hal - Topic,0,0,0,0
Z4rCDwRkA9E,G.w.M - Single llapot /Official Videoclip/," Fellpsszervezs:
Fodor Tnde
fodor.tunde@goldrecord.hu
+36 70 599 8778

 Sajt s management 
Balassa J...",21091,1651570,2023-04-29,GWMMUSIC,0,0,0,0
ipZzGu5Nxug,La Panterabby - Pdn (Visualizer) [Otras canciones pa t],"La Panterabby - Pdn [Ponla de nuevo] (Visualizer) | Prod. Bdp Music
Presentado por La Panterabby con...",474,10741,2023-05-05,La Pantera,0,0,0,0
yz9DfoldFjk,"QVN-100x, JVX-1000, and DVN-3000 Horizontal Structure Installation","This video will go over horizontal tube structure mounting for the JVX-1000, QVN-1000, QVN-1001, DVN...",29,2011,2018-12-14,Daktronics Support,0,0,0,0
